"COLLEX","CORP.FREQ","OBS","EXP","ASSOC","COLL.STR.LOGL","SIGNIF"
"usufruire",395185,35990,7787.9,"attr",55900.70647,"*****"
"ammirare",560975,41095,11055,"attr",49532.29445,"*****"
"accedere",1059091,58763,20871.3,"attr",47312.00855,"*****"
"contare",1185690,53039,23366.2,"attr",28398.96923,"*****"
"variare",445524,25904,8779.9,"attr",22493.17617,"*****"
"beneficiare",251836,16580,4962.9,"attr",17322.85237,"*****"
"causare",1095999,40678,21598.7,"attr",13695.15446,"*****"
"aiutare",3119721,91035,61479.9,"attr",12669.33405,"*****"
"esimere",41654,4936,820.9,"attr",9909.4527,"*****"
"vantare",496310,20840,9780.7,"attr",9667.48948,"*****"
"gustare",374229,16022,7374.9,"attr",7775.69578,"*****"
"prescindere",349709,15183,6891.7,"attr",7606.41939,"*****"
"immaginare",1119694,34059,22065.6,"attr",5716.972,"*****"
"godere",1208074,36068,23807.3,"attr",5576.41541,"*****"
"degustare",101491,5535,2000.1,"attr",4325.86405,"*****"
"fruire",114501,5780,2256.5,"attr",3938.48163,"*****"
"sbizzarrire",31784,2700,626.4,"attr",3883.83975,"*****"
"constatare",213392,8627,4205.3,"attr",3649.19072,"*****"
"capitare",765872,22790,15092.9,"attr",3470.00725,"*****"
"fregiare",33737,2626,664.8,"attr",3410.91065,"*****"
"influire",205569,8162,4051.1,"attr",3298.04699,"*****"
"optare",282724,9701,5571.6,"attr",2562.82476,"*****"
"avvalere",402602,12726,7934,"attr",2500.85037,"*****"
"obiettare",63822,3321,1257.7,"attr",2391.48022,"*****"
"interferire",96896,4300,1909.5,"attr",2261.04655,"*****"
"scaricare",853539,23173,16820.6,"attr",2193.19428,"*****"
"coesistere",39150,2354,771.5,"attr",2153.07875,"*****"
"visionare",136003,5285,2680.2,"attr",2018.6652,"*****"
"desumere",65706,3065,1294.9,"attr",1790.79485,"*****"
"derogare",30891,1701,608.8,"attr",1351.13232,"*****"
"rivalere",11031,937,217.4,"attr",1347.70243,"*****"
"recedere",34466,1794,679.2,"attr",1292.55388,"*****"
"compromettere",256583,7778,5056.4,"attr",1285.6206,"*****"
"consultare",705302,18204,13899.3,"attr",1240.96877,"*****"
"nuocere",48319,2154,952.2,"attr",1143.80419,"*****"
"detrarre",35987,1760,709.2,"attr",1129.51399,"*****"
"dedurre",201240,6093,3965.8,"attr",1001.80992,"*****"
"contattare",1005118,24293,19807.7,"attr",967.65783,"*****"
"provocare",1054931,25314,20789.4,"attr",940.59081,"*****"
"insorgere",120169,3960,2368.2,"attr",909.92479,"*****"
"arrecare",86334,3008,1701.4,"attr",835.23052,"*****"
"competere",184553,5435,3637,"attr",788.54392,"*****"
"pretendere",393009,9856,7745,"attr",540.97083,"*****"
"riabbracciare",17374,845,342.4,"attr",536.4997,"*****"
"pregiudicare",75886,2398,1495.5,"attr",470.59721,"*****"
"fidare",261399,6758,5151.4,"attr",466.03017,"*****"
"incorrere",100603,3004,1982.6,"attr",464.41593,"*****"
"scorgere",143098,4003,2820,"attr",448.5941,"*****"
"esercitare",725242,16762,14292.2,"attr",412.88971,"*****"
"danneggiare",379976,9085,7488.1,"attr",325.54979,"*****"
"ambire",82583,2285,1627.5,"attr",241.10398,"*****"
"ingenerare",24602,856,484.8,"attr",236.6333,"*****"
"assaporare",139384,3512,2746.8,"attr",200.04022,"*****"
"influenzare",467488,10487,9212.7,"attr",172.2413,"*****"
"ravvisare",65560,1730,1292,"attr",137.08822,"*****"
"interagire",251487,5779,4956,"attr",132.43907,"*****"
"contribuire",1296381,27373,25547.6,"attr",130.14513,"*****"
"attingere",177030,4168,3488.7,"attr",127.1079,"*****"
"degenerare",46995,1277,926.1,"attr",121.43106,"*****"
"ovviare",78870,1989,1554.3,"attr",114.06739,"*****"
"eccedere",68429,1735,1348.5,"attr",103.71424,"*****"
"verificare",1857948,38552,36614.3,"attr",102.95127,"*****"
"concorrere",215264,4886,4242.2,"attr",95.09063,"*****"
"paragonare",175084,3983,3450.4,"attr",79.95749,"*****"
"reperire",164951,3762,3250.7,"attr",78.14595,"*****"
"scegliere",4010786,81465,79039.9,"attr",75.31436,"*****"
"assaggiare",187932,4215,3703.5,"attr",69.01527,"*****"
"riassumere",274725,5996,5414,"attr",61.71189,"*****"
"noleggiare",103833,2373,2046.2,"attr",50.66396,"*****"
"alterare",186199,4038,3669.4,"attr",36.5953,"*****"
"inficiare",36148,875,712.4,"attr",35.33775,"*****"
"riavere",40969,973,807.4,"attr",32.5524,"*****"
"sopportare",321450,6720,6334.8,"attr",23.44142,"*****"
"giovare",172299,3611,3395.5,"attr",13.67674,"***"
"sfociare",117976,2478,2324.9,"attr",10.0664,"**"
"differire",125505,2615,2473.3,"attr",8.13042,"**"
"tollerare",165435,3390,3260.2,"attr",5.20474,"*"
"sostare",78954,1628,1555.9,"attr",3.35473,"ns"
"aspirare",160096,3246,3155,"attr",2.65359,"ns"
"sopperire",50054,1024,986.4,"attr",1.44373,"ns"
"riutilizzare",77023,1556,1517.9,"attr",0.96869,"ns"
"ripercuotere",35556,718,700.7,"attr",0.43242,"ns"
"sortire",39907,804,786.4,"attr",0.39704,"ns"
"azzardare",68132,1358,1342.7,"attr",0.17797,"ns"
"negare",593916,11615,11704.2,"rep",0.69562,"ns"
"ledere",52740,996,1039.3,"rep",1.86921,"ns"
"risiedere",62040,1174,1222.6,"rep",1.99797,"ns"
"ipotizzare",306835,5921,6046.8,"rep",2.68648,"ns"
"cimentare",159091,3000,3135.2,"rep",6.03202,"*"
"intuire",201808,3809,3977,"rep",7.34226,"**"
"annoverare",136652,2550,2693,"rep",7.88249,"**"
"avvantaggiare",56903,1014,1121.4,"rep",10.83392,"***"
"ricavare",417910,7886,8235.7,"rep",15.36435,"****"
"infettare",72367,1263,1426.1,"rep",19.78957,"*****"
"innescare",184043,3362,3626.9,"rep",20.22847,"*****"
"configurare",309345,5732,6096.2,"rep",22.6475,"*****"
"pranzare",62556,1054,1232.8,"rep",27.80202,"*****"
"consolare",110318,1931,2174,"rep",28.78592,"*****"
"rimediare",121929,2144,2402.8,"rep",29.50294,"*****"
"resistere",386155,7124,7609.9,"rep",32.33716,"*****"
"evincere",122482,2142,2413.7,"rep",32.42524,"*****"
"gioire",62059,1014,1223,"rep",38.65874,"*****"
"visitare",1415946,26835,27903.8,"rep",42.32822,"*****"
"fungere",187469,3267,3694.4,"rep",52.47438,"*****"
"irritare",82154,1331,1619,"rep",55.60206,"*****"
"rilassare",344512,6163,6789.2,"rep",60.79966,"*****"
"cavare",95478,1556,1881.6,"rep",61.03124,"*****"
"procedere",1254117,23489,24714.7,"rep",63.0805,"*****"
"esplicare",59528,911,1173.1,"rep",64.66664,"*****"
"avverare",55045,828,1084.8,"rep",67.45622,"*****"
"tramutare",62692,950,1235.5,"rep",73.04727,"*****"
"convivere",171572,2892,3381.1,"rep",75.87415,"*****"
"rintracciare",125278,2047,2468.8,"rep",78.02486,"*****"
"trarre",877945,16155,17301.5,"rep",79.27693,"*****"
"incappare",52781,768,1040.1,"rep",79.81386,"*****"
"eludere",55014,797,1084.2,"rep",85.36105,"*****"
"accomodare",63073,926,1243,"rep",90.36444,"*****"
"ricondurre",160800,2612,3168.9,"rep",106.12616,"*****"
"risollevare",57404,778,1131.3,"rep",126.22587,"*****"
"ricorrere",573030,10119,11292.6,"rep",128.91923,"*****"
"rivendere",61974,848,1221.3,"rep",130.21584,"*****"
"scaturire",206003,3342,4059.7,"rep",137.64802,"*****"
"alleviare",134458,2071,2649.7,"rep",139.31536,"*****"
"appurare",61161,816,1205.3,"rep",144.52696,"*****"
"riscattare",84554,1204,1666.3,"rep",144.68085,"*****"
"circolare",263243,4353,5187.7,"rep",144.86136,"*****"
"sintetizzare",166758,2612,3286.3,"rep",151.70829,"*****"
"ripresentare",80686,1121,1590.1,"rep",157.21384,"*****"
"ricaricare",113934,1675,2245.3,"rep",161.86871,"*****"
"sopravvivere",396602,6674,7815.8,"rep",178.95658,"*****"
"conciliare",108861,1561,2145.3,"rep",179.1583,"*****"
"indurre",558125,9632,10998.9,"rep",180.84288,"*****"
"ostacolare",167680,2558,3304.4,"rep",186.37454,"*****"
"imputare",81330,1090,1602.8,"rep",188.31886,"*****"
"guarire",233722,3705,4605.9,"rep",192.5475,"*****"
"sottrarre",364080,5960,7174.9,"rep",222.58247,"*****"
"peggiorare",210871,3238,4155.6,"rep",223.52348,"*****"
"sfoggiare",74945,943,1476.9,"rep",225.57607,"*****"
"visualizzare",578285,9774,11396.2,"rep",247.42643,"*****"
"sfogare",75815,931,1494.1,"rep",249.68167,"*****"
"progredire",93001,1203,1832.8,"rep",250.93172,"*****"
"comperare",70547,845,1390.3,"rep",253.34828,"*****"
"rivelare",1292252,22906,25466.2,"rep",271.82779,"*****"
"parcheggiare",170014,2436,3350.4,"rep",281.03769,"*****"
"adempiere",102067,1304,2011.4,"rep",289.52406,"*****"
"approfittare",435417,7065,8580.7,"rep",290.49662,"*****"
"gareggiare",81584,978,1607.8,"rep",292.17656,"*****"
"prenotare",540936,8941,10660.1,"rep",299.12854,"*****"
"intaccare",73625,845,1450.9,"rep",303.27814,"*****"
"persistere",93688,1146,1846.3,"rep",312.86757,"*****"
"evolvere",210410,3068,4146.5,"rep",314.27035,"*****"
"appellare",78591,906,1548.8,"rep",319.35569,"*****"
"rimproverare",79515,920,1567,"rep",319.47673,"*****"
"avventurare",66764,721,1315.7,"rep",327.4633,"*****"
"sanare",77737,867,1532,"rep",348.60584,"*****"
"disattivare",118340,1491,2332.1,"rep",354.39483,"*****"
"turbare",97617,1158,1923.7,"rep",362.046,"*****"
"dubitare",162048,2158,3193.5,"rep",386.14132,"*****"
"rinascere",100381,1149,1978.2,"rep",416.88824,"*****"
"concretizzare",176468,2348,3477.6,"rep",422.12625,"*****"
"infastidire",72208,723,1423,"rep",427.79934,"*****"
"cenare",106908,1236,2106.8,"rep",430.5607,"*****"
"sfogliare",125313,1511,2469.5,"rep",439.96467,"*****"
"partecipare",2918208,52531,57508.7,"rep",453.18871,"*****"
"oscillare",95667,1045,1885.3,"rep",454.87543,"*****"
"concedere",501692,7820,9886.8,"rep",474.54857,"*****"
"intravedere",140912,1706,2776.9,"rep",487.86636,"*****"
"protrarre",119301,1363,2351,"rep",498.30431,"*****"
"inibire",95512,996,1882.2,"rep",513.01506,"*****"
"rivivere",176359,2201,3475.5,"rep",547.45225,"*****"
"aggravare",170668,2099,3363.3,"rep",559.00047,"*****"
"quantificare",85720,818,1689.3,"rep",565.15487,"*****"
"rivoluzionare",96746,959,1906.6,"rep",586.59743,"*****"
"sfuggire",443464,6591,8739.3,"rep",588.34393,"*****"
"sussistere",193024,2416,3803.9,"rep",592.69427,"*****"
"rigenerare",95366,910,1879.4,"rep",628.82579,"*****"
"addebitare",81874,720,1613.5,"rep",634.95787,"*****"
"asserire",95240,904,1876.9,"rep",635.07877,"*****"
"candidare",277488,3719,5468.4,"rep",642.53913,"*****"
"dialogare",168231,1947,3315.3,"rep",675.36155,"*****"
"scordare",110134,1077,2170.4,"rep",688.48627,"*****"
"argomentare",83372,707,1643,"rep",690.34902,"*****"
"transitare",125633,1291,2475.8,"rep",699.77014,"*****"
"ignorare",454993,6599,8966.5,"rep",701.48117,"*****"
"ingannare",149040,1626,2937.1,"rep",711.07948,"*****"
"reggere",341406,4673,6728,"rep",716.33335,"*****"
"alloggiare",123260,1238,2429.1,"rep",725.02584,"*****"
"scatenare",328472,4431,6473.1,"rep",738.30773,"*****"
"apportare",341002,4634,6720.1,"rep",740.5417,"*****"
"riscrivere",90770,776,1788.8,"rep",740.95262,"*****"
"illudere",102501,934,2020,"rep",742.76599,"*****"
"invertire",127308,1273,2508.8,"rep",756.60076,"*****"
"veicolare",94059,808,1853.6,"rep",761.24829,"*****"
"ridare",149084,1581,2938,"rep",767.18811,"*****"
"soggiornare",172789,1929,3405.1,"rep",772.71466,"*****"
"nuotare",111703,1041,2201.3,"rep",773.76434,"*****"
"manifestare",823812,12841,16234.7,"rep",779.34964,"*****"
"negoziare",94650,791,1865.3,"rep",803.80301,"*****"
"esigere",140051,1419,2760,"rep",807.01008,"*****"
"supporre",240427,2923,4738.1,"rep",820.4333,"*****"
"valere",617957,9177,12178,"rep",824.1749,"*****"
"rovinare",288860,3673,5692.5,"rep",834.91442,"*****"
"deliberare",165326,1764,3258.1,"rep",837.31062,"*****"
"risparmiare",580777,8471,11445.3,"rep",865.98241,"*****"
"contrarre",163505,1712,3222.2,"rep",869.27291,"*****"
"sciare",104250,869,2054.4,"rep",889.21352,"*****"
"imbattere",153921,1554,3033.3,"rep",894.42525,"*****"
"disturbare",158474,1603,3123,"rep",916.77428,"*****"
"ribaltare",111203,938,2191.5,"rep",929.39863,"*****"
"scommettere",156360,1560,3081.4,"rep",934.09953,"*****"
"agganciare",101224,787,1994.8,"rep",966.3582,"*****"
"originare",121200,1048,2388.5,"rep",969.4362,"*****"
"assistere",925466,14229,18238,"rep",972.15165,"*****"
"distrarre",134292,1222,2646.5,"rep",975.78548,"*****"
"destare",112996,920,2226.8,"rep",1002.53526,"*****"
"ritagliare",113484,925,2236.4,"rep",1005.02694,"*****"
"accontentare",282691,3375,5570.9,"rep",1026.48873,"*****"
"comportare",1212168,19150,23888,"rep",1028.37897,"*****"
"redigere",102346,763,2016.9,"rep",1040.10953,"*****"
"procurare",279687,3315,5511.7,"rep",1040.33255,"*****"
"penetrare",205343,2179,4046.7,"rep",1054.98062,"*****"
"espandere",175795,1733,3464.4,"rep",1079.33745,"*****"
"incidere",579604,8117,11422.2,"rep",1084.36903,"*****"
"invocare",210674,2233,4151.7,"rep",1085.60452,"*****"
"congelare",121071,976,2385.9,"rep",1091.73891,"*****"
"navigare",288692,3403,5689.2,"rep",1093.28529,"*****"
"colmare",155037,1432,3055.3,"rep",1093.58424,"*****"
"ritardare",131946,1113,2600.2,"rep",1102.71602,"*****"
"imbarcare",110638,834,2180.3,"rep",1106.40452,"*****"
"affittare",161512,1513,3182.9,"rep",1106.98912,"*****"
"sperimentare",573113,7961,11294.3,"rep",1117.99983,"*****"
"inoltrare",213563,2243,4208.7,"rep",1126.64492,"*****"
"manipolare",115383,882,2273.8,"rep",1130.2183,"*****"
"estinguere",102684,714,2023.6,"rep",1148.56349,"*****"
"ricreare",132998,1100,2621,"rep",1149.56529,"*****"
"scoraggiare",107392,769,2116.4,"rep",1154.92582,"*****"
"risentire",188806,1859,3720.8,"rep",1162.41224,"*****"
"sbloccare",185219,1782,3650.1,"rep",1199.98045,"*****"
"giustificare",528255,7074,10410.2,"rep",1227.96206,"*****"
"indebolire",125466,959,2472.5,"rep",1229.13498,"*****"
"improvvisare",131023,1028,2582.1,"rep",1233.38381,"*****"
"presumere",170016,1538,3350.5,"rep",1249.65275,"*****"
"generare",913625,13513,18004.7,"rep",1250.49507,"*****"
"durare",954678,14171,18813.7,"rep",1277.21572,"*****"
"simulare",130985,993,2581.3,"rep",1298.97689,"*****"
"ammalare",127698,948,2516.5,"rep",1305.664,"*****"
"oltrepassare",112379,734,2214.6,"rep",1359.98144,"*****"
"attenuare",124313,878,2449.8,"rep",1362.01984,"*****"
"accordare",169122,1451,3332.9,"rep",1371.86173,"*****"
"assimilare",128007,916,2522.6,"rep",1377.90364,"*****"
"esportare",160333,1326,3159.7,"rep",1385.99562,"*****"
"tacere",197249,1787,3887.2,"rep",1445.666,"*****"
"spaziare",226586,2194,4465.3,"rep",1447.72856,"*****"
"aggregare",120648,790,2377.6,"rep",1455.60918,"*****"
"sfruttare",954625,13871,18812.6,"rep",1456.23065,"*****"
"sovrapporre",122362,801,2411.4,"rep",1476.78742,"*****"
"telefonare",253732,2555,5000.3,"rep",1483.59816,"*****"
"rallentare",236792,2310,4666.4,"rep",1488.31057,"*****"
"prescrivere",263886,2682,5200.4,"rep",1509.48157,"*****"
"accadere",1643929,25679,32396.7,"rep",1529.87409,"*****"
"assolvere",197422,1723,3890.6,"rep",1552.72388,"*****"
"licenziare",138792,963,2735.2,"rep",1556.84517,"*****"
"tralasciare",149448,1093,2945.1,"rep",1560.87503,"*****"
"infliggere",122519,763,2414.5,"rep",1567.69416,"*****"
"legittimare",139373,964,2746.6,"rep",1569.77955,"*****"
"raggruppare",123633,772,2436.4,"rep",1577.14633,"*****"
"stampare",351096,3899,6919,"rep",1594.11953,"*****"
"afferrare",149618,1078,2948.5,"rep",1595.5064,"*****"
"partorire",118980,710,2344.7,"rep",1595.90869,"*****"
"compensare",188130,1559,3707.4,"rep",1620.83678,"*****"
"contaminare",134383,877,2648.3,"rep",1627.88907,"*****"
"rassicurare",126101,776,2485.1,"rep",1635.34002,"*****"
"instaurare",205580,1768,4051.3,"rep",1660.54427,"*****"
"acquistare",2124735,33825,41871.8,"rep",1689.11201,"*****"
"discutere",698563,9262,13766.5,"rep",1697.71593,"*****"
"condizionare",299611,3052,5904.4,"rep",1704.59307,"*****"
"scambiare",381147,4252,7511.2,"rep",1708.22272,"*****"
"osservare",1588378,24323,31301.9,"rep",1719.134,"*****"
"prelevare",233926,2115,4609.9,"rep",1721.25732,"*****"
"riscontrare",466307,5531,9189.4,"rep",1730.42793,"*****"
"derivare",1088952,15712,21459.8,"rep",1730.77633,"*****"
"mutare",249237,2319,4911.7,"rep",1732.2315,"*****"
"accostare",177272,1344,3493.5,"rep",1757.84984,"*****"
"divertire",593379,7495,11693.6,"rep",1760.30924,"*****"
"ricominciare",237379,2136,4678,"rep",1762.86488,"*****"
"sospettare",141509,884,2788.7,"rep",1804.32044,"*****"
"frenare",143937,907,2836.5,"rep",1817.13772,"*****"
"intrattenere",143228,894,2822.6,"rep",1827.95765,"*****"
"rivendicare",200351,1601,3948.3,"rep",1832.37277,"*****"
"assomigliare",152609,998,3007.4,"rep",1844.09589,"*****"
"trascurare",258690,2361,5098,"rep",1868.7826,"*****"
"memorizzare",151373,970,2983.1,"rep",1874.03992,"*****"
"liquidare",138699,822,2733.3,"rep",1874.16628,"*****"
"personalizzare",412792,4583,8134.8,"rep",1875.63441,"*****"
"subentrare",148096,930,2918.5,"rep",1877.05896,"*****"
"mentire",152732,983,3009.9,"rep",1881.1262,"*****"
"pescare",218725,1795,4310.4,"rep",1915.4147,"*****"
"riposare",284048,2650,5597.7,"rep",1963.40685,"*****"
"trattenere",300187,2849,5915.7,"rep",2002.35491,"*****"
"fregare",206169,1580,4062.9,"rep",2011.86908,"*****"
"rifugiare",136529,741,2690.6,"rep",2016.43643,"*****"
"minare",189385,1358,3732.2,"rep",2032.93114,"*****"
"risvegliare",158919,977,3131.8,"rep",2063.21777,"*****"
"copiare",231187,1869,4556,"rep",2075.18034,"*****"
"celare",199278,1437,3927.1,"rep",2122.67477,"*****"
"raddoppiare",168879,1061,3328.1,"rep",2139.36185,"*****"
"sparire",161394,970,3180.6,"rep",2148.22677,"*****"
"delegare",296364,2699,5840.4,"rep",2150.10718,"*****"
"omettere",174580,1116,3440.4,"rep",2167.53956,"*****"
"incassare",162643,971,3205.2,"rep",2180.53118,"*****"
"ricadere",188767,1275,3720,"rep",2191.85095,"*****"
"intercettare",159474,929,3142.7,"rep",2194.38057,"*****"
"contemplare",204756,1465,4035.1,"rep",2204.54108,"*****"
"riporre",184532,1199,3636.5,"rep",2247.26107,"*****"
"passeggiare",279003,2397,5498.3,"rep",2257.78665,"*****"
"prolungare",215294,1568,4242.8,"rep",2261.86745,"*****"
"accelerare",247019,1968,4868,"rep",2270.08577,"*****"
"impostare",486748,5353,9592.3,"rep",2271.77666,"*****"
"imitare",145255,722,2862.5,"rep",2324.16935,"*****"
"discendere",155387,831,3062.2,"rep",2327.36517,"*****"
"salvare",1212842,16883,23901.3,"rep",2341.38522,"*****"
"opporre",470728,5055,9276.6,"rep",2344.21164,"*****"
"rivedere",410675,4139,8093.1,"rep",2396.47814,"*****"
"lamentare",378980,3664,7468.5,"rep",2429.67888,"*****"
"caricare",440877,4548,8688.3,"rep",2432.86255,"*****"
"fronteggiare",155933,792,3072.9,"rep",2448.27147,"*****"
"aderire",554471,6193,10926.9,"rep",2476.64108,"*****"
"giurare",174183,976,3432.6,"rep",2493.68348,"*****"
"ruotare",198794,1253,3917.6,"rep",2508.98444,"*****"
"offendere",191911,1168,3782,"rep",2519.5816,"*****"
"revocare",241058,1759,4750.5,"rep",2525.80318,"*****"
"perdonare",256735,1935,5059.4,"rep",2568.13255,"*****"
"riscoprire",190539,1119,3754.9,"rep",2599.66867,"*****"
"riscuotere",166097,826,3273.2,"rep",2656.55186,"*****"
"cacciare",193656,1120,3816.3,"rep",2684.85466,"*****"
"riparare",244801,1724,4824.3,"rep",2692.63564,"*****"
"coincidere",248405,1757,4895.3,"rep",2716.43746,"*****"
"ritirare",541026,5781,10661.9,"rep",2730.1597,"*****"
"prevenire",449325,4421,8854.8,"rep",2771.00907,"*****"
"recare",709800,8274,13987.9,"rep",2786.58396,"*****"
"postare",348711,2998,6872,"rep",2818.40859,"*****"
"filtrare",167635,782,3303.6,"rep",2828.21843,"*****"
"accrescere",220171,1363,4338.9,"rep",2836.33294,"*****"
"incentivare",177447,862,3496.9,"rep",2895.48745,"*****"
"spaventare",231104,1462,4554.3,"rep",2904.48366,"*****"
"declinare",164365,708,3239.1,"rep",2948.77849,"*****"
"reagire",347729,2901,6852.6,"rep",2962.07629,"*****"
"adoperare",215386,1247,4244.6,"rep",2982.859,"*****"
"aggirare",230510,1421,4542.6,"rep",2983.63408,"*****"
"smentire",196374,1028,3869.9,"rep",3000.33125,"*****"
"esaurire",235147,1467,4634,"rep",3002.91096,"*****"
"ragionare",284612,2052,5608.8,"rep",3032.4482,"*****"
"riprodurre",389300,3414,7671.9,"rep",3035.11416,"*****"
"replicare",274126,1907,5402.2,"rep",3064.52819,"*****"
"pianificare",235418,1442,4639.3,"rep",3068.99559,"*****"
"osare",243532,1532,4799.2,"rep",3080.56881,"*****"
"confrontare",700583,7841,13806.3,"rep",3111.01181,"*****"
"fallire",261368,1724,5150.7,"rep",3125.62029,"*****"
"somministrare",216430,1181,4265.2,"rep",3180.10454,"*****"
"spezzare",244449,1500,4817.3,"rep",3180.39931,"*****"
"coniugare",206977,1072,4078.9,"rep",3193.31045,"*****"
"appendere",196825,960,3878.8,"rep",3200.78261,"*****"
"riaprire",263144,1709,5185.7,"rep",3206.47009,"*****"
"incrementare",323420,2446,6373.6,"rep",3218.95088,"*****"
"contestare",299123,2133,5894.8,"rep",3235.44616,"*****"
"incominciare",179450,766,3536.4,"rep",3240.93275,"*****"
"suscitare",380373,3167,7496,"rep",3251.25235,"*****"
"definire",2680276,40312,52819.8,"rep",3291.81598,"*****"
"ripartire",362905,2908,7151.7,"rep",3304.61054,"*****"
"praticare",610186,6316,12024.8,"rep",3339.3026,"*****"
"formulare",348320,2692,6864.3,"rep",3356.15464,"*****"
"fumare",194721,875,3837.3,"rep",3383.61214,"*****"
"rilanciare",238724,1344,4704.5,"rep",3401.62476,"*****"
"rileggere",181578,736,3578.3,"rep",3402.17934,"*****"
"ripristinare",264419,1635,5210.9,"rep",3410.92325,"*****"
"smontare",179144,708,3530.4,"rep",3414.9625,"*****"
"evocare",221747,1147,4369.9,"rep",3425.2575,"*****"
"testare",343004,2587,6759.5,"rep",3427.71442,"*****"
"moltiplicare",227661,1209,4486.5,"rep",3432.49512,"*****"
"rinunciare",640893,6648,12630,"rep",3488.92777,"*****"
"inquadrare",198120,874,3904.3,"rep",3491.59993,"*****"
"fingere",200880,902,3958.7,"rep",3492.66384,"*****"
"impugnare",239489,1314,4719.6,"rep",3500.36059,"*****"
"sfidare",266984,1625,5261.4,"rep",3505.08762,"*****"
"risolvere",1489392,19867,29351.2,"rep",3525.26896,"*****"
"infilare",222081,1109,4376.5,"rep",3539.27012,"*****"
"misurare",519797,4878,10243.6,"rep",3550.11011,"*****"
"confidare",200760,880,3956.3,"rep",3555.2441,"*****"
"respirare",330302,2363,6509.2,"rep",3556.97683,"*****"
"tracciare",297683,1959,5866.4,"rep",3570.01342,"*****"
"rinvenire",226278,1140,4459.2,"rep",3578.38117,"*****"
"cancellare",577379,5653,11378.3,"rep",3600.45911,"*****"
"testimoniare",423932,3531,8354.4,"rep",3621.32546,"*****"
"potenziare",239079,1259,4711.5,"rep",3632.95693,"*****"
"monitorare",337735,2413,6655.7,"rep",3643.5552,"*****"
"immettere",203932,865,4018.9,"rep",3700.16592,"*****"
"implementare",230027,1132,4533.1,"rep",3712.45567,"*****"
"comandare",231662,1144,4565.3,"rep",3727.76877,"*****"
"concepire",368055,2743,7253.2,"rep",3742.58198,"*****"
"fotografare",252447,1362,4974.9,"rep",3749.89598,"*****"
"giudicare",575275,5493,11336.9,"rep",3788.7267,"*****"
"stipulare",349158,2463,6880.8,"rep",3832.17444,"*****"
"ballare",220399,983,4343.4,"rep",3851.97255,"*****"
"calcolare",485507,4211,9567.8,"rep",3862.51706,"*****"
"esplodere",251886,1307,4963.9,"rep",3879.76181,"*****"
"spedire",326942,2170,6443,"rep",3880.14064,"*****"
"convertire",339858,2320,6697.5,"rep",3893.66393,"*****"
"schierare",250885,1280,4944.2,"rep",3923.55494,"*****"
"accumulare",325458,2131,6413.8,"rep",3927.1497,"*****"
"scivolare",212587,879,4189.4,"rep",3928.27962,"*****"
"determinare",1488144,19319,29326.6,"rep",3958.77248,"*****"
"abbinare",415613,3228,8190.4,"rep",3974.5283,"*****"
"ripercorrere",230281,1036,4538.1,"rep",3997.97553,"*****"
"apprendere",498901,4302,9831.8,"rep",4011.13357,"*****"
"piazzare",203768,764,4015.6,"rep",4020.65627,"*****"
"esplorare",407692,3096,8034.3,"rep",4033.33113,"*****"
"confondere",362091,2518,7135.7,"rep",4050.04356,"*****"
"strappare",242772,1129,4784.3,"rep",4106.21424,"*****"
"deludere",209829,790,4135.1,"rep",4129.29609,"*****"
"notare",1783715,23909,35151.4,"rep",4130.93376,"*****"
"forzare",207404,765,4087.3,"rep",4134.94773,"*****"
"udire",286161,1572,5639.3,"rep",4177.6138,"*****"
"estrarre",337075,2149,6642.7,"rep",4198.4169,"*****"
"iscrivere",1072166,12495,21129,"rep",4213.12042,"*****"
"approdare",212808,781,4193.8,"rep",4256.02132,"*****"
"allenare",376942,2600,7428.3,"rep",4261.2307,"*****"
"cogliere",795235,8288,15671.6,"rep",4278.80602,"*****"
"facilitare",441058,3374,8691.9,"rep",4316.09853,"*****"
"riscaldare",223115,856,4396.9,"rep",4337.66485,"*****"
"volare",476903,3823,9398.3,"rep",4340.10938,"*****"
"rifare",353508,2269,6966.5,"rep",4368.43362,"*****"
"crollare",215832,776,4253.4,"rep",4371.47462,"*****"
"sottovalutare",224289,852,4420,"rep",4388.68246,"*****"
"agire",1131243,13224,22293.2,"rep",4402.25936,"*****"
"ordinare",622262,5723,12262.8,"rep",4427.94237,"*****"
"prevalere",274536,1324,5410.2,"rep",4507.25389,"*****"
"mancare",2139044,29250,42153.8,"rep",4512.93909,"*****"
"apprezzare",1034731,11653,20391.3,"rep",4513.02612,"*****"
"scoppiare",221347,787,4362.1,"rep",4513.61317,"*****"
"tradire",242661,980,4782.1,"rep",4558.26212,"*****"
"ospitare",1384792,16979,27289.9,"rep",4588.4559,"*****"
"tradurre",706322,6761,13919.4,"rep",4627.54858,"*****"
"annullare",374479,2363,7379.8,"rep",4720.51258,"*****"
"agevolare",327589,1821,6455.7,"rep",4727.40133,"*****"
"viaggiare",657901,5996,12965.2,"rep",4766.79457,"*****"
"subire",1184855,13700,23349.8,"rep",4772.62612,"*****"
"allungare",344461,1986,6788.2,"rep",4791.23298,"*****"
"rifiutare",640301,5724,12618.3,"rep",4815.96852,"*****"
"riciclare",223721,722,4408.8,"rep",4822.99561,"*****"
"preservare",225593,723,4445.7,"rep",4881.80292,"*****"
"staccare",362083,2138,7135.5,"rep",4912.26512,"*****"
"compilare",427953,2892,8433.6,"rep",4966.46772,"*****"
"incoraggiare",252839,946,4982.7,"rep",4995.64675,"*****"
"rinviare",235122,772,4633.5,"rep",5020.79623,"*****"
"sostituire",1307501,15323,25766.7,"rep",5047.73468,"*****"
"sistemare",353136,1980,6959.2,"rep",5052.77014,"*****"
"violare",277851,1174,5475.6,"rep",5055.59153,"*****"
"abbracciare",334150,1764,6585,"rep",5066.20067,"*****"
"comparire",618226,5246,12183.3,"rep",5114.46827,"*****"
"richiedere",2999918,42749,59118.9,"rep",5119.36166,"*****"
"attrarre",297038,1346,5853.7,"rep",5128.29225,"*****"
"sottoscrivere",372088,2160,7332.7,"rep",5139.07067,"*****"
"modificare",1410422,16817,27795,"rep",5146.32716,"*****"
"pesare",331721,1703,6537.2,"rep",5159.05378,"*****"
"lottare",311997,1480,6148.5,"rep",5192.93971,"*****"
"affermare",2043691,26793,40274.7,"rep",5218.24943,"*****"
"piantare",249868,851,4924.1,"rep",5226.20211,"*****"
"riempire",453551,3071,8938.1,"rep",5250.56749,"*****"
"combinare",385553,2267,7598,"rep",5254.13577,"*****"
"spuntare",256191,902,5048.7,"rep",5255.02241,"*****"
"qualificare",348424,1848,6866.3,"rep",5259.65089,"*****"
"soffermare",250311,830,4932.8,"rep",5315.84553,"*****"
"decorare",296093,1273,5835.1,"rep",5319.72228,"*****"
"scappare",371211,2076,7315.4,"rep",5325.03399,"*****"
"governare",405185,2448,7984.9,"rep",5363.05915,"*****"
"trasportare",481920,3344,9497.1,"rep",5406.01986,"*****"
"consumare",596232,4786,11749.9,"rep",5414.64715,"*****"
"indirizzare",421516,2611,8306.8,"rep",5426.95283,"*****"
"abbattere",347706,1770,6852.2,"rep",5448.79494,"*****"
"gridare",250490,795,4936.4,"rep",5449.26131,"*****"
"cucinare",380353,2113,7495.6,"rep",5492.28445,"*****"
"intervenire",1563644,18804,30814.5,"rep",5543.68816,"*****"
"esibire",366389,1933,7220.4,"rep",5558.23492,"*****"
"sfiorare",246754,728,4862.7,"rep",5575.21261,"*****"
"pervenire",354901,1796,6994,"rep",5590.70833,"*****"
"assorbire",365720,1907,7207.2,"rep",5608.23672,"*****"
"interrogare",264776,879,5217.9,"rep",5619.3411,"*****"
"provvedere",608514,4830,11991.9,"rep",5626.2028,"*****"
"aggiudicare",248296,716,4893.1,"rep",5673.85493,"*****"
"svelare",380898,2042,7506.3,"rep",5692.40275,"*****"
"sbagliare",806851,7439,15900.5,"rep",5713.63976,"*****"
"risultare",2661589,36245,52451.5,"rep",5729.38933,"*****"
"archiviare",253677,747,4999.2,"rep",5737.10964,"*****"
"contrastare",442647,2725,8723.2,"rep",5738.73096,"*****"
"emanare",278527,967,5488.9,"rep",5760.85462,"*****"
"recuperare",953079,9453,18782.2,"rep",5773.21512,"*****"
"sollecitare",253459,723,4994.9,"rep",5822.52306,"*****"
"delineare",282567,968,5568.5,"rep",5890.26346,"*****"
"isolare",257302,734,5070.6,"rep",5910.66613,"*****"
"colorare",266996,819,5261.6,"rep",5913.96387,"*****"
"stimare",381839,1969,7524.8,"rep",5914.98869,"*****"
"succedere",1679062,20225,33089,"rep",5920.11137,"*****"
"votare",859695,8033,16941.9,"rep",5924.87136,"*****"
"distinguere",873036,8209,17204.8,"rep",5939.44477,"*****"
"semplificare",301801,1130,5947.5,"rep",5960.44201,"*****"
"coltivare",480517,3066,9469.5,"rep",5979.69361,"*****"
"abbassare",415247,2282,8183.2,"rep",6060.15142,"*****"
"piegare",310791,1177,6124.7,"rep",6093.42056,"*****"
"implicare",299028,1064,5892.9,"rep",6095.03653,"*****"
"impedire",969979,9463,19115.2,"rep",6097.9053,"*****"
"sorprendere",397973,2063,7842.8,"rep",6135.72328,"*****"
"attuare",565256,4006,11139.4,"rep",6165.83937,"*****"
"menzionare",268221,763,5285.8,"rep",6169.90164,"*****"
"attirare",390985,1973,7705.1,"rep",6174.64411,"*****"
"riproporre",307389,1120,6057.7,"rep",6175.37357,"*****"
"lavare",404646,2117,7974.3,"rep",6186.38435,"*****"
"ottimizzare",312724,1151,6162.8,"rep",6243.27141,"*****"
"incrociare",279206,838,5502.3,"rep",6254.1215,"*****"
"festeggiare",470826,2835,9278.5,"rep",6255.00791,"*****"
"allargare",383508,1860,7557.7,"rep",6266.8682,"*****"
"intraprendere",529110,3512,10427.1,"rep",6279.6265,"*****"
"rivestire",361196,1621,7118,"rep",6282.98624,"*****"
"trascinare",305617,1060,6022.7,"rep",6324.91476,"*****"
"camminare",604672,4411,11916.2,"rep",6339.28717,"*****"
"stupire",396547,1966,7814.7,"rep",6359.71476,"*****"
"programmare",453409,2579,8935.3,"rep",6394.76555,"*****"
"inventare",453858,2581,8944.1,"rep",6402.4919,"*****"
"montare",649422,4941,12798.1,"rep",6407.45539,"*****"
"racchiudere",298964,966,5891.6,"rep",6440.97665,"*****"
"elencare",365753,1611,7207.8,"rep",6453.89497,"*****"
"ferire",354571,1488,6987.5,"rep",6483.41237,"*****"
"sciogliere",423100,2203,8338,"rep",6496.89888,"*****"
"nutrire",425410,2228,8383.5,"rep",6497.53441,"*****"
"guadagnare",727011,5863,14327.1,"rep",6553.23257,"*****"
"differenziare",308807,1022,6085.6,"rep",6565.33315,"*****"
"ricostruire",500066,3030,9854.7,"rep",6598.22625,"*****"
"trascorrere",791205,6657,15592.2,"rep",6643.54086,"*****"
"sognare",481340,2781,9485.7,"rep",6681.02784,"*****"
"calare",294898,865,5811.5,"rep",6682.44169,"*****"
"stimolare",502888,3020,9910.3,"rep",6700.39261,"*****"
"percepire",647349,4758,12757.2,"rep",6715.27027,"*****"
"complicare",321123,1084,6328.3,"rep",6751.12533,"*****"
"depositare",360590,1452,7106.1,"rep",6787.45104,"*****"
"criticare",369114,1531,7274.1,"rep",6805.93187,"*****"
"cessare",289172,779,5698.7,"rep",6824.51692,"*****"
"stendere",309070,952,6090.8,"rep",6831.22984,"*****"
"sparare",404085,1869,7963.2,"rep",6864.81767,"*****"
"spendere",787836,6470,15525.8,"rep",6892.87745,"*****"
"restituire",575527,3791,11341.8,"rep",6894.97505,"*****"
"conseguire",648060,4667,12771.2,"rep",6916.88231,"*****"
"anticipare",520782,3130,10263,"rep",6932.74949,"*****"
"rientrare",952855,8636,18777.8,"rep",6980.3632,"*****"
"sconfiggere",421511,2010,8306.7,"rep",6985.81004,"*****"
"conferire",516094,3052,10170.6,"rep",6990.87455,"*****"
"catturare",403833,1816,7958.3,"rep",7013.85599,"*****"
"illuminare",421379,1997,8304.1,"rep",7019.18291,"*****"
"ampliare",436314,2146,8598.4,"rep",7045.60074,"*****"
"rimandare",355679,1319,7009.3,"rep",7067.4643,"*****"
"rimettere",476179,2529,9384,"rep",7179.50583,"*****"
"suddividere",424304,1966,8361.7,"rep",7198.16884,"*****"
"erogare",408303,1796,8046.4,"rep",7212.14368,"*****"
"arricchire",604956,3999,11921.8,"rep",7216.28078,"*****"
"orientare",518382,2979,10215.7,"rep",7235.12033,"*****"
"pronunciare",417104,1873,8219.8,"rep",7252.38767,"*****"
"regolare",590725,3806,11641.3,"rep",7267.81892,"*****"
"documentare",358655,1284,7068,"rep",7283.52393,"*****"
"commettere",468046,2400,9223.7,"rep",7287.41931,"*****"
"esaltare",298929,747,5890.9,"rep",7293.13438,"*****"
"disputare",325405,975,6412.7,"rep",7295.38852,"*****"
"convenire",383759,1510,7562.7,"rep",7337.67272,"*****"
"svegliare",327861,982,6461.1,"rep",7351.821,"*****"
"attivare",992630,8934,19561.6,"rep",7370.77419,"*****"
"dormire",680803,4851,13416.5,"rep",7372.63206,"*****"
"perseguire",368891,1340,7269.7,"rep",7425.04562,"*****"
"sollevare",471440,2384,9290.6,"rep",7431.6807,"*****"
"privare",320865,896,6323.2,"rep",7446.75308,"*****"
"avvenire",2799993,36262,55179,"rep",7527.60983,"*****"
"saltare",582465,3584,11478.5,"rep",7555.92685,"*****"
"concordare",458852,2198,9042.5,"rep",7576.31892,"*****"
"diminuire",547057,3160,10780.8,"rep",7595.08566,"*****"
"comprare",1363126,13992,26862.9,"rep",7617.1448,"*****"
"spegnere",394776,1515,7779.8,"rep",7674.11974,"*****"
"rompere",567548,3357,11184.6,"rep",7686.2604,"*****"
"attestare",342367,1022,6747,"rep",7690.25716,"*****"
"levare",310522,744,6119.4,"rep",7710.50882,"*****"
"appoggiare",450667,2038,8881.2,"rep",7793.45909,"*****"
"rivolgere",2039119,23892,40184.6,"rep",7880.20717,"*****"
"proiettare",321025,782,6326.4,"rep",7917.00294,"*****"
"fuggire",402640,1514,7934.8,"rep",7930.68484,"*****"
"trasformare",1639318,17747,32305.8,"rep",7993.00556,"*****"
"ricercare",413247,1597,8143.8,"rep",7996.57928,"*****"
"liberare",780648,5773,15384.1,"rep",8028.2614,"*****"
"approfondire",793647,5931,15640.3,"rep",8039.78067,"*****"
"raggiungere",3815093,52175,75183.5,"rep",8050.96657,"*****"
"acquisire",833755,6358,16430.7,"rep",8198.7792,"*****"
"predisporre",458627,1982,9038.1,"rep",8208.9937,"*****"
"accertare",442246,1802,8715.3,"rep",8256.98568,"*****"
"alternare",360211,1032,7098.6,"rep",8257.68288,"*****"
"sommare",326714,741,6438.5,"rep",8292.5085,"*****"
"adattare",717502,4851,14139.7,"rep",8322.71894,"*****"
"rubare",408083,1434,8042,"rep",8380.7857,"*****"
"sospendere",463543,1971,9135,"rep",8396.39492,"*****"
"suggerire",820506,6072,16169.6,"rep",8429.877,"*****"
"regalare",885046,6887,17441.5,"rep",8440.90268,"*****"
"interessare",1868453,20777,36821.3,"rep",8457.47065,"*****"
"scattare",555990,2913,10956.8,"rep",8489.39816,"*****"
"abilitare",353732,905,6970.9,"rep",8543.16396,"*****"
"respingere",330728,713,6517.6,"rep",8558.03333,"*****"
"esaminare",512253,2410,10094.9,"rep",8584.25613,"*****"
"escludere",1058036,9026,20850.6,"rep",8672.87442,"*****"
"obbligare",432061,1576,8514.6,"rep",8674.44114,"*****"
"interrompere",527640,2539,10398.1,"rep",8679.53,"*****"
"classificare",418720,1442,8251.7,"rep",8702.1452,"*****"
"allegare",381124,1075,7510.8,"rep",8803.25353,"*****"
"mescolare",364055,927,7174.4,"rep",8810.69585,"*****"
"soddisfare",1120012,9763,22071.9,"rep",8832.03419,"*****"
"salutare",375173,1014,7393.5,"rep",8841.09126,"*****"
"costare",989249,8019,19495,"rep",8843.64527,"*****"
"cedere",549925,2709,10837.3,"rep",8868.77207,"*****"
"convocare",352339,796,6943.5,"rep",8956.59507,"*****"
"immergere",549940,2662,10837.6,"rep",9001.79886,"*****"
"consolidare",373211,952,7354.8,"rep",9025.35732,"*****"
"identificare",868701,6358,17119.4,"rep",9066.21032,"*****"
"cuocere",440193,1529,8674.8,"rep",9102.62938,"*****"
"rilevare",882292,6510,17387.2,"rep",9103.12515,"*****"
"installare",865184,6283,17050,"rep",9128.72774,"*****"
"minacciare",385672,1019,7600.4,"rep",9182.76161,"*****"
"innamorare",361333,816,7120.7,"rep",9186.64754,"*****"
"allestire",377626,950,7441.8,"rep",9187.01699,"*****"
"favorire",1253814,11353,24708.7,"rep",9203.13577,"*****"
"estendere",848707,6039,16725.3,"rep",9208.83542,"*****"
"sorgere",788562,5260,15540.1,"rep",9302.96861,"*****"
"provenire",533366,2382,10511,"rep",9313.44066,"*****"
"sorridere",393704,1039,7758.7,"rep",9378.98099,"*****"
"chiarire",611891,3188,12058.4,"rep",9391.16164,"*****"
"recitare",383469,942,7557,"rep",9423.97221,"*****"
"rimuovere",620220,3254,12222.6,"rep",9458.36025,"*****"
"dipingere",392186,994,7728.7,"rep",9510.73495,"*****"
"vietare",409694,1138,8073.8,"rep",9532.50691,"*****"
"specificare",469822,1677,9258.7,"rep",9558.64404,"*****"
"bruciare",461946,1600,9103.5,"rep",9568.51744,"*****"
"tutelare",457862,1559,9023,"rep",9578.64437,"*****"
"accusare",473692,1702,9335,"rep",9598.87267,"*****"
"fondere",372806,809,7346.8,"rep",9623.44384,"*****"
"accettare",1458081,13858,28734.2,"rep",9701.61685,"*****"
"alimentare",553313,2455,10904.1,"rep",9710.17752,"*****"
"imparare",1384806,12827,27290.2,"rep",9717.58764,"*****"
"gettare",491831,1816,9692.4,"rep",9800.03406,"*****"
"emettere",608537,2998,11992.3,"rep",9813.48202,"*****"
"valutare",1473358,13963,29035.2,"rep",9862.93809,"*****"
"allontanare",566286,2536,11159.7,"rep",9867.47515,"*****"
"dipendere",1001286,7615,19732.2,"rep",9886.47757,"*****"
"avvertire",555362,2417,10944.4,"rep",9888.95771,"*****"
"controllare",1537189,14839,30293.1,"rep",9892.81219,"*****"
"ascoltare",1451939,13542,28613.1,"rep",10046.89165,"*****"
"scorrere",469243,1525,9247.3,"rep",10078.05058,"*****"
"ricoprire",575755,2555,11346.3,"rep",10102.81328,"*****"
"bere",710553,4001,14002.8,"rep",10125.04726,"*****"
"indossare",712002,3968,14031.3,"rep",10250.44426,"*****"
"maturare",433670,1155,8546.3,"rep",10288.60222,"*****"
"domandare",515083,1893,10150.7,"rep",10293.41786,"*****"
"giocare",2354451,26481,46398.8,"rep",10314.50744,"*****"
"spostare",1018922,7557,20079.7,"rep",10436.22957,"*****"
"indagare",411759,925,8114.5,"rep",10490.20183,"*****"
"premere",399717,810,7877.2,"rep",10577.41945,"*****"
"migliorare",1846071,18747,36380.2,"rep",10588.1664,"*****"
"consistere",724838,3978,14284.3,"rep",10593.47741,"*****"
"percorrere",846199,5360,16675.9,"rep",10621.84287,"*****"
"nascondere",1156457,9197,22790.1,"rep",10662.08948,"*****"
"certificare",407695,851,8034.4,"rep",10675.43138,"*****"
"smettere",592170,2516,11669.8,"rep",10732.75919,"*****"
"disegnare",527650,1880,10398.3,"rep",10747.17319,"*****"
"impiegare",744111,4133,14664.1,"rep",10748.51713,"*****"
"rafforzare",536110,1959,10565,"rep",10752.01506,"*****"
"mangiare",1626177,15494,32046.8,"rep",10764.1733,"*****"
"articolare",417424,906,8226.1,"rep",10774.5617,"*****"
"assumere",2183953,23524,43038.8,"rep",10796.77033,"*****"
"attribuire",817176,4918,16104,"rep",10863.77736,"*****"
"insegnare",938730,6336,18499.4,"rep",10913.06622,"*****"
"vestire",467271,1282,9208.4,"rep",10935.56423,"*****"
"funzionare",1566096,14524,30862.8,"rep",10963.41091,"*****"
"affiancare",536572,1898,10574.1,"rep",10976.65626,"*****"
"assicurare",1554459,14305,30633.5,"rep",11052.66049,"*****"
"toccare",1166838,9067,22994.7,"rep",11153.79107,"*****"
"accendere",557567,2025,10987.9,"rep",11224.73052,"*****"
"incontrare",1931947,19498,38072.6,"rep",11244.90732,"*****"
"connettere",594855,2379,11722.7,"rep",11250.49666,"*****"
"cambiare",3450152,42489,67991.6,"rep",11263.67333,"*****"
"buttare",532087,1755,10485.8,"rep",11334.66697,"*****"
"raccomandare",423916,818,8354,"rep",11408.04562,"*****"
"tirare",940911,6125,18542.4,"rep",11436.40269,"*****"
"istituire",551874,1907,10875.7,"rep",11447.32714,"*****"
"autorizzare",663918,2998,13083.7,"rep",11495.13239,"*****"
"risalire",754518,3940,14869.2,"rep",11556.86405,"*****"
"stringere",500791,1410,9869,"rep",11577.75492,"*****"
"distruggere",730347,3578,14392.8,"rep",11834.84587,"*****"
"importare",549348,1758,10825.9,"rep",11898.69516,"*****"
"spingere",1089500,7707,21470.6,"rep",11916.59598,"*****"
"frequentare",806605,4376,15895.6,"rep",11920.69963,"*****"
"attaccare",774190,4009,15256.8,"rep",11949.14102,"*****"
"supportare",704725,3253,13887.9,"rep",11992.76917,"*****"
"valorizzare",581896,2032,11467.3,"rep",11995.68184,"*****"
"superare",1963257,19341,38689.6,"rep",12081.57634,"*****"
"elevare",485958,1161,9576.7,"rep",12081.63316,"*****"
"dominare",491435,1203,9684.6,"rep",12095.47963,"*****"
"operare",1438983,12077,28357.8,"rep",12138.34401,"*****"
"posizionare",573777,1911,11307.3,"rep",12156.38278,"*****"
"elaborare",596397,2117,11753.1,"rep",12175.17479,"*****"
"piangere",454593,868,8958.6,"rep",12276.88413,"*****"
"disporre",1980098,19413,39021.5,"rep",12317.96404,"*****"
"arrestare",544317,1572,10726.8,"rep",12430.33286,"*****"
"esprimere",2307842,24002,45480.3,"rep",12491.31817,"*****"
"muovere",1441233,11892,28402.2,"rep",12513.75585,"*****"
"suonare",826636,4368,16290.4,"rep",12524.35303,"*****"
"sedere",717303,3138,14135.8,"rep",12723.88855,"*****"
"bloccare",840603,4439,16565.6,"rep",12743.49823,"*****"
"finanziare",602399,1970,11871.4,"rep",12893.96919,"*****"
"nominare",672013,2590,13243.3,"rep",13028.14539,"*****"
"trasmettere",1118194,7456,22036.1,"rep",13199.57866,"*****"
"apparire",1995445,19000,39323.9,"rep",13228.80775,"*****"
"corrispondere",681221,2614,13424.7,"rep",13244.62294,"*****"
"collocare",705558,2812,13904.3,"rep",13376.15648,"*****"
"collaborare",770817,3440,15190.4,"rep",13468.25977,"*****"
"avvicinare",1002953,5976,19765,"rep",13479.31795,"*****"
"mandare",1175593,8014,23167.2,"rep",13496.72725,"*****"
"prestare",761301,3327,15002.8,"rep",13515.15304,"*****"
"ottenere",4252348,52593,83800.4,"rep",13673.56081,"*****"
"riunire",620447,1916,12227.1,"rep",13696.61458,"*****"
"avanzare",742855,3054,14639.3,"rep",13784.91483,"*****"
"ritornare",904708,4741,17828.9,"rep",13813.22765,"*****"
"separare",631736,1986,12449.5,"rep",13815.05562,"*****"
"citare",1208227,8255,23810.3,"rep",13831.76451,"*****"
"dimenticare",1407523,10691,27737.8,"rep",13926.01325,"*****"
"condannare",537095,1125,10584.4,"rep",14046.72256,"*****"
"difendere",984752,5535,19406.4,"rep",14059.02366,"*****"
"donare",926619,4882,18260.7,"rep",14077.89125,"*****"
"individuare",1411711,10665,27820.4,"rep",14079.4952,"*****"
"pulire",564105,1334,11116.7,"rep",14083.29608,"*****"
"cantare",684677,2374,13492.8,"rep",14174.23514,"*****"
"augurare",489947,719,9655.3,"rep",14305.02507,"*****"
"scomparire",567234,1287,11178.4,"rep",14396.29137,"*****"
"correggere",722308,2666,14234.4,"rep",14396.98647,"*****"
"richiamare",713710,2583,14065,"rep",14400.01729,"*****"
"selezionare",1034112,5938,20379.1,"rep",14447.99104,"*****"
"dividere",920595,4626,18142,"rep",14595.34254,"*****"
"necessitare",526763,897,10380.8,"rep",14750.40185,"*****"
"tagliare",848888,3800,16728.9,"rep",14798.05788,"*****"
"salire",1203225,7718,23711.8,"rep",14884.93494,"*****"
"concentrare",833394,3590,16423.6,"rep",14954.61033,"*****"
"dettare",520838,802,10264.1,"rep",15011.84759,"*****"
"associare",877426,4015,17291.3,"rep",15036.24323,"*****"
"promettere",531143,868,10467.2,"rep",15054.45921,"*****"
"adottare",1214429,7772,23932.6,"rep",15064.25263,"*****"
"comunicare",1323750,9085,26086.9,"rep",15067.81209,"*****"
"alzare",789643,3100,15561.4,"rep",15123.58876,"*****"
"soffrire",866603,3853,17078,"rep",15185.94071,"*****"
"applicare",1781347,14822,35104.7,"rep",15251.84,"*****"
"integrare",1037676,5657,20449.3,"rep",15265.67858,"*****"
"compiere",1339428,9019,26395.9,"rep",15620.60297,"*****"
"attendere",1051455,5655,20720.9,"rep",15670.00915,"*****"
"rilasciare",800677,3034,15778.8,"rep",15695.15202,"*****"
"tentare",1113936,6325,21952.2,"rep",15742.60249,"*****"
"permettere",4849849,59815,95575.2,"rep",15758.93784,"*****"
"versare",686091,1895,13520.7,"rep",16007.58819,"*****"
"riflettere",795608,2879,15678.9,"rep",16054.24772,"*****"
"temere",571007,903,11252.7,"rep",16336.77314,"*****"
"togliere",1238898,7433,24414.8,"rep",16528.3982,"*****"
"avviare",1159695,6515,22853.9,"rep",16566.14112,"*****"
"accorgere",734065,2159,14466.1,"rep",16614.1798,"*****"
"inviare",2174713,19272,42856.7,"rep",16640.17913,"*****"
"ripetere",1167120,6560,23000.3,"rep",16663.90777,"*****"
"adeguare",588852,951,11604.4,"rep",16747.31027,"*****"
"fermare",1697024,12901,33443,"rep",16770.96975,"*****"
"riprendere",1328702,8314,26184.5,"rep",16917.90314,"*****"
"rinnovare",726269,2003,14312.5,"rep",16957.02825,"*****"
"eleggere",576427,818,11359.6,"rep",16977.41465,"*****"
"ridere",601421,988,11852.1,"rep",17020.95494,"*****"
"celebrare",743000,2126,14642.2,"rep",17045.6554,"*****"
"investire",969606,4274,19107.9,"rep",17103.12126,"*****"
"effettuare",2963023,29981,58391.8,"rep",17149.73552,"*****"
"combattere",910540,3655,17943.9,"rep",17179.62637,"*****"
"diventare",5765616,72726,113622.1,"rep",17236.39542,"*****"
"interpretare",968030,4199,19076.8,"rep",17282.39744,"*****"
"accogliere",1357331,8454,26748.7,"rep",17373.7114,"*****"
"collegare",1318686,7914,25987.1,"rep",17587.88796,"*****"
"eliminare",1154772,6052,22756.9,"rep",17631.39031,"*****"
"commentare",762486,2119,15026.2,"rep",17739.02408,"*****"
"garantire",2813784,27383,55450.8,"rep",17800.73224,"*****"
"consegnare",835763,2694,16470.3,"rep",18033.01333,"*****"
"riservare",953181,3802,18784.2,"rep",18062.27712,"*****"
"trasferire",1019673,4440,20094.5,"rep",18152.82516,"*****"
"denunciare",683931,1357,13478.1,"rep",18233.3839,"*****"
"limitare",1461891,9258,28809.3,"rep",18359.15965,"*****"
"battere",847276,2669,16697.1,"rep",18509.95499,"*****"
"appartenere",838980,2485,16533.7,"rep",18922.6361,"*****"
"completare",1015547,4101,20013.2,"rep",19082.9873,"*****"
"illustrare",733335,1504,14451.7,"rep",19325.75845,"*****"
"rischiare",965005,3516,19017.2,"rep",19391.56768,"*****"
"distribuire",757866,1651,14935.1,"rep",19537.21895,"*****"
"aspettare",2276627,18913,44865.1,"rep",19549.10873,"*****"
"analizzare",901995,2873,17775.5,"rep",19589.02316,"*****"
"sposare",908317,2911,17900.1,"rep",19660.75204,"*****"
"fissare",936956,3174,18464.4,"rep",19662.6393,"*****"
"abitare",667829,949,13160.8,"rep",19663.18278,"*****"
"attraversare",925034,2991,18229.5,"rep",19926.05239,"*****"
"correre",1230633,6033,24251.9,"rep",19933.96681,"*****"
"conquistare",840964,2234,16572.7,"rep",19977.45788,"*****"
"gestire",1989236,14882,39201.6,"rep",20129.2914,"*****"
"aumentare",2262691,18363,44590.5,"rep",20200.37103,"*****"
"aggiornare",906874,2743,17871.6,"rep",20237.96991,"*****"
"ispirare",826032,2027,16278.5,"rep",20312.33785,"*****"
"ritrovare",1675792,10923,33024.6,"rep",20342.76281,"*****"
"assegnare",910640,2714,17945.8,"rep",20475.43185,"*****"
"cliccare",910433,2707,17941.8,"rep",20495.12695,"*****"
"divenire",1405788,7618,27703.6,"rep",20803.41605,"*****"
"scendere",1336156,6840,26331.4,"rep",20841.733,"*****"
"firmare",884479,2391,17430.3,"rep",20844.80888,"*****"
"trovare",13803652,200882,272026.5,"rep",20996.51294,"*****"
"consigliare",1554101,9180,30626.4,"rep",21085.36594,"*****"
"conservare",1256495,5850,24761.6,"rep",21240.59183,"*****"
"pregare",775769,1352,15288,"rep",21572.65661,"*****"
"affidare",1301988,6139,25658.1,"rep",21785.79818,"*****"
"ammettere",982687,3008,19365.7,"rep",21795.81636,"*****"
"includere",1395279,7116,27496.6,"rep",21837.23127,"*****"
"imporre",1226989,5303,24180.1,"rep",21966.77921,"*****"
"eseguire",1749473,11061,34476.6,"rep",22015.19252,"*****"
"desiderare",1213738,5105,23918.9,"rep",22164.84247,"*****"
"coprire",1102618,4003,21729.1,"rep",22207.08782,"*****"
"meritare",762541,1116,15027.3,"rep",22281.7786,"*****"
"provare",3528343,34249,69532.5,"rep",22454.43106,"*****"
"girare",1225637,5104,24153.4,"rep",22542.08054,"*****"
"progettare",850645,1713,16763.5,"rep",22562.81789,"*****"
"costituire",2773641,23769,54659.7,"rep",22570.6075,"*****"
"uccidere",1183344,4647,23320,"rep",22662.5913,"*****"
"terminare",866932,1804,17084.5,"rep",22729.2226,"*****"
"emergere",1155979,4320,22780.7,"rep",22864.63317,"*****"
"abbandonare",1033383,3088,20364.7,"rep",23205.06372,"*****"
"proseguire",1644571,9340,32409.3,"rep",23241.44713,"*****"
"informare",954497,2364,18810.1,"rep",23381.09972,"*****"
"segnalare",1309617,5608,25808.4,"rep",23607.08966,"*****"
"condurre",1866950,11719,36791.7,"rep",23690.32212,"*****"
"stabilire",1645712,9156,32431.8,"rep",23741.13898,"*****"
"sviluppare",2276801,16678,44868.6,"rep",23747.15981,"*****"
"esporre",1157050,4061,22801.8,"rep",23785.55572,"*****"
"contenere",2513067,19463,49524.6,"rep",24158.62629,"*****"
"cadere",1281653,5141,25257.3,"rep",24196.71679,"*****"
"puntare",1211148,4449,23867.9,"rep",24216.84573,"*****"
"curare",1277499,5085,25175.5,"rep",24245.09324,"*****"
"ridurre",2388641,17815,47072.6,"rep",24283.15752,"*****"
"evitare",2603229,20540,51301.4,"rep",24316.17826,"*****"
"sottoporre",998861,2368,19684.4,"rep",24915.77699,"*****"
"segnare",1039745,2701,20490.1,"rep",24949.49761,"*****"
"rispondere",2639187,20596,52010.1,"rep",25077.67285,"*****"
"evidenziare",1089960,3049,21479.7,"rep",25281.81851,"*****"
"fornire",3144446,27029,61967.1,"rep",25453.15999,"*****"
"servire",3459437,30783,68174.6,"rep",26281.18228,"*****"
"condividere",2121462,13516,41807.3,"rep",26463.59848,"*****"
"vendere",1627083,7931,32064.7,"rep",26488.05426,"*****"
"usare",6014076,67493,118518.5,"rep",26560.69884,"*****"
"decidere",3659598,33250,72119.1,"rep",26711.36652,"*****"
"ritenere",2746359,21100,54122.1,"rep",26726.79957,"*****"
"preparare",2019160,12205,39791.3,"rep",26728.63541,"*****"
"descrivere",1410701,5602,27800.5,"rep",26817.07096,"*****"
"formare",1676384,8302,33036.2,"rep",26924.00034,"*****"
"proteggere",1194569,3376,23541.2,"rep",27574.16802,"*****"
"possedere",1018440,1852,20070.2,"rep",27949.62749,"*****"
"utilizzare",6604340,75200,130150.7,"rep",27950.02559,"*****"
"ricevere",2909934,22435,57345.6,"rep",28171.3435,"*****"
"fondare",1051801,2035,20727.7,"rep",28285.57225,"*****"
"giungere",1742051,8454,34330.3,"rep",28466.72541,"*****"
"studiare",1452918,5509,28632.4,"rep",28475.74199,"*****"
"colpire",1693611,7926,33375.7,"rep",28515.51265,"*****"
"affrontare",2281200,14349,44955.3,"rep",28882.82189,"*****"
"diffondere",1232266,3324,24284.1,"rep",29073.41575,"*****"
"aggiungere",3592326,30700,70793.4,"rep",29386.43975,"*****"
"prevedere",2476367,16386,48801.4,"rep",29525.83174,"*****"
"inserire",2749762,19703,54189.1,"rep",29577.28541,"*****"
"pagare",2134106,12336,42056.5,"rep",29625.80153,"*****"
"tornare",3801001,33093,74905.7,"rep",30073.71036,"*****"
"riferire",1499169,5442,29543.9,"rep",30200.2819,"*****"
"crescere",1933730,9817,38107.7,"rep",30394.2233,"*****"
"convincere",1169853,2483,23054.1,"rep",30454.69428,"*****"
"entrare",3539775,29283,69757.8,"rep",30628.91645,"*****"
"introdurre",1343683,3866,26479.8,"rep",30750.15949,"*****"
"produrre",2840736,19936,55982,"rep",31424.71867,"*****"
"tendere",987999,975,19470.3,"rep",31512.46014,"*****"
"lanciare",1363628,3803,26872.8,"rep",31678.09067,"*****"
"significare",1989101,9908,39198.9,"rep",31790.43149,"*****"
"rappresentare",3938450,33884,77614.4,"rep",31840.7543,"*****"
"rispettare",1055345,1318,20797.5,"rep",32062.11649,"*****"
"confermare",1907139,8924,37583.7,"rep",32117.04237,"*****"
"considerare",4098432,35765,80767.2,"rep",32294.55218,"*****"
"annunciare",1143403,1719,22532.9,"rep",33177.14286,"*****"
"registrare",1827693,7682,36018.1,"rep",33400.7318,"*****"
"vincere",2376782,13537,46838.9,"rep",33501.75039,"*****"
"dare",12446119,161285,245273.8,"rep",33529.66247,"*****"
"concludere",1974184,8745,38904.9,"rep",34706.53192,"*****"
"continuare",4773726,43469,94075.1,"rep",34708.75204,"*****"
"dirigere",1169592,1575,23049,"rep",34907.86976,"*****"
"riconoscere",2362766,12604,46562.7,"rep",35503.4584,"*****"
"indicare",2618405,15222,51600.5,"rep",36141.28482,"*****"
"sostenere",2681767,15836,52849.2,"rep",36413.45442,"*****"
"approvare",1246768,1742,24569.9,"rep",36873.60895,"*****"
"portare",8062073,89372,158878,"rep",36919.70379,"*****"
"invitare",1315333,2187,25921.1,"rep",37103.18968,"*****"
"raccogliere",1977974,7930,38979.6,"rep",37365.41377,"*****"
"ringraziare",1135735,928,22381.8,"rep",37423.49439,"*****"
"promuovere",1567639,3975,30893.2,"rep",38023.81036,"*****"
"sperare",2106847,8847,41519.3,"rep",38532.13481,"*****"
"creare",5249351,47349,103448.2,"rep",38886.53314,"*****"
"costringere",1330812,1938,26226.1,"rep",38944.66533,"*****"
"basare",1401251,2380,27614.2,"rep",39279.08058,"*****"
"cominciare",2422672,11278,47743.2,"rep",40976.57788,"*****"
"accompagnare",1838085,5563,36222.9,"rep",41019.48652,"*****"
"dimostrare",2384715,10625,46995.2,"rep",41744.90724,"*****"
"mantenere",2349763,10124,46306.4,"rep",42182.17939,"*****"
"costruire",2671522,13404,52647.3,"rep",42439.56073,"*****"
"spiegare",3094259,18047,60978.1,"rep",42572.5419,"*****"
"svolgere",3908711,27567,77028.4,"rep",42973.42575,"*****"
"raccontare",2602026,12392,51277.7,"rep",43204.98483,"*****"
"scoprire",3117071,17671,61427.6,"rep",44156.36705,"*****"
"guidare",1958353,5780,38593,"rep",44264.97799,"*****"
"uscire",3006830,15780,59255.1,"rep",45883.66788,"*****"
"sembrare",5830314,50876,114897.1,"rep",45979.09164,"*****"
"morire",2060590,6084,40607.7,"rep",46568.87475,"*****"
"offrire",5017833,39662,98885.7,"rep",46787.17294,"*****"
"coinvolgere",1896218,4612,37368.5,"rep",46818.54033,"*****"
"occorrere",1365941,743,26918.4,"rep",47543.67111,"*****"
"impegnare",1590558,2080,31344.9,"rep",47814.69683,"*****"
"preferire",1465342,1262,28877.3,"rep",47878.25212,"*****"
"leggere",5210229,41466,102677.2,"rep",48061.65856,"*****"
"destinare",1539099,1582,30330.8,"rep",48720.12434,"*****"
"chiudere",2361871,8237,46545,"rep",48757.84213,"*****"
"chiedere",5874952,49738,115776.8,"rep",48906.73027,"*****"
"dotare",1554357,1383,30631.5,"rep",50510.18498,"*****"
"dichiarare",1905509,3837,37551.6,"rep",50561.07311,"*****"
"esistere",3177025,15850,62609.1,"rep",50730.0816,"*****"
"sottolineare",1506064,825,29679.8,"rep",52381.32909,"*****"
"occupare",2257061,6073,44479.6,"rep",53332.16719,"*****"
"restare",2939909,12481,57936.3,"rep",53361.28219,"*****"
"caratterizzare",1578535,1031,31107.9,"rep",53734.80841,"*****"
"capire",4732092,31669,93254.6,"rep",55686.16288,"*****"
"bastare",2716110,9459,53526,"rep",56124.62946,"*****"
"riportare",2198589,4914,43327.3,"rep",56155.63446,"*****"
"comprendere",3439233,16651,67776.4,"rep",56347.53782,"*****"
"mostrare",2546521,7720,50183.9,"rep",56794.42435,"*****"
"lavorare",3826767,20273,75413.5,"rep",57907.10459,"*****"
"finire",2799869,9291,55176.6,"rep",59488.9568,"*****"
"organizzare",3013755,11303,59391.6,"rep",59514.84671,"*****"
"vivere",5284898,36410,104148.7,"rep",59954.98496,"*****"
"presentare",6094124,46400,120096,"rep",60196.69634,"*****"
"arrivare",6996034,57350,137869.8,"rep",61554.43937,"*****"
"vedere",11480302,119956,226240.6,"rep",61667.54075,"*****"
"guardare",3220927,12520,63474.3,"rep",62151.17487,"*****"
"realizzare",5120538,33169,100909.7,"rep",62710.93267,"*****"
"amare",2433841,5139,47963.3,"rep",63507.07877,"*****"
"piacere",2706920,7393,53344.9,"rep",63532.931,"*****"
"comporre",1950093,1512,38430.2,"rep",64798.82922,"*****"
"iniziare",4422947,23861,87162.3,"rep",65808.85946,"*****"
"intendere",2353875,4005,46387.5,"rep",65968.24418,"*****"
"riguardare",3219443,11090,63445.1,"rep",66965.38157,"*****"
"porre",3018150,9168,59478.2,"rep",67255.25207,"*****"
"legare",2065809,1800,40710.6,"rep",67378.85439,"*****"
"consentire",3589186,14488,70731.5,"rep",67525.96428,"*****"
"perdere",3818425,16623,75249.1,"rep",68059.36536,"*****"
"chiamare",4285567,21012,84455,"rep",69490.76756,"*****"
"aprire",4232593,19629,83411.1,"rep",71855.49239,"*****"
"proporre",3622541,12804,71388.9,"rep",74222.12121,"*****"
"unire",2848175,5498,56128.5,"rep",76698.49936,"*****"
"partire",3618670,11938,71312.6,"rep",77160.91809,"*****"
"seguire",5127406,26559,101045,"rep",79248.84903,"*****"
"dire",20765778,242336,409228,"rep",81987.86365,"*****"
"passare",5494888,27030,108286.9,"rep",88890.98125,"*****"
"pensare",7678200,51228,151313.1,"rep",90808.07377,"*****"
"conoscere",5106331,21842,100629.7,"rep",92249.69808,"*****"
"rimanere",4810994,18766,94809.5,"rep",92672.49752,"*****"
"pubblicare",3260573,5111,64255.6,"rep",93597.59132,"*****"
"sentire",5309591,23199,104635.3,"rep",94432.27443,"*****"
"parlare",7674920,49494,151248.5,"rep",94590.97205,"*****"
"rendere",6424355,32974,126603.8,"rep",100166.40171,"*****"
"lasciare",5967170,26564,117594.1,"rep",104662.8711,"*****"
"credere",4675004,14045,92129.6,"rep",104826.61788,"*****"
"nascere",4454714,12092,87788.4,"rep",104914.91524,"*****"
"dedicare",4088914,8846,80579.6,"rep",105800.06161,"*****"
"prendere",8403195,50129,165600.5,"rep",113119.91597,"*****"
"mettere",9574493,57985,188683.1,"rep",126853.32868,"*****"
"scrivere",6501031,24627,128114.8,"rep",127721.67785,"*****"
"trattare",5494935,15312,108287.8,"rep",127882.84857,"*****"
"ricordare",5019894,10378,98926.3,"rep",132100.55829,"*****"
"tenere",5992901,18523,118101.2,"rep",132482.30621,"*****"
"riuscire",6175292,10174,121695.5,"rep",174934.25995,"*****"
"cercare",6337186,11172,124886,"rep",175918.96964,"*****"
"andare",16655484,85837,328227.1,"rep",259746.77481,"*****"
"fare",50824973,517735,1001600,"rep",295779.22651,"*****"
"sapere",11315274,20349,222988.4,"rep",312670.21348,"*****"
"stare",13632175,36138,268647.2,"rep",325561.79578,"*****"
"volere",15972020,3928,314758.2,"rep",596054.06678,"*****"
"venire",20879987,30189,411478.7,"rep",615987.81155,"*****"
"avere",130990996,224628,2581419.5,"rep",3822130.75769,"*****"
"essere",334645073,920891,6594799.3,"rep",8849092.25979,"*****"
